POSE,FRAME,CONFIDENCE,IMAGE_PATH,RIGHT_KNEE,LEFT_KNEE,RIGHT_HIP,LEFT_HIP,RIGHT_ELBOW,LEFT_ELBOW,RIGHT_SHOULDER,LEFT_SHOULDER,RIGHT_ANKLE,LEFT_ANKLE
Toe Off,38,74.52,best_pose_frames_from_kalman\Toe_Off__frame_0038__74.5.png,86.40,162.31,115.36,164.22,149.01,60.38,69.00,65.22,125.52,125.51
MVP,26,77.08,best_pose_frames_from_kalman\MVP__frame_0026__77.1.png,129.39,121.54,169.81,112.92,53.19,124.16,55.54,83.09,128.03,112.87
Strike,30,68.54,best_pose_frames_from_kalman\Strike__frame_0030__68.5.png,66.15,155.25,178.54,132.97,106.54,109.39,4.15,44.69,129.44,131.58
Touch Down,32,72.99,best_pose_frames_from_kalman\Touch_Down__frame_0032__73.0.png,49.45,148.45,157.38,144.54,135.04,111.15,5.24,11.62,83.18,116.10
Full Support,6,70.43,best_pose_frames_from_kalman\Full_Support__frame_0006__70.4.png,65.59,142.35,135.95,155.00,155.53,98.56,7.52,7.15,123.13,102.35
