FRAME,POSE,CONFIDENCE
1.0,Strike (Right),54.02
2.0,Strike (Right),64.28
3.0,Strike (Right),67.59
4.0,Strike (Right),50.55
5.0,Full Support (Right),67.33
6.0,Full Support (Right),70.43
7.0,Full Support (Right),50.17
8.0,Strike (Right),42.54
9.0,Toe Off (Right),60.37
10.0,Toe Off (Right),74.06
11.0,Toe Off (Right),59.4
12.0,Toe Off (Right),59.91
13.0,MVP (Right),46.03
14.0,Full Support (Right),42.36
15.0,Unknown Pose,0.0
16.0,Full Support (Right),49.21
17.0,Full Support (Right),52.4
18.0,Full Support (Right),52.14
19.0,Touch Down (Right),40.96
20.0,Unknown Pose,0.0
21.0,Strike (Right),41.36
22.0,Unknown Pose,0.0
23.0,Unknown Pose,0.0
24.0,MVP (Right),51.25
25.0,MVP (Right),51.88
26.0,MVP (Right),77.08
27.0,MVP (Right),59.66
28.0,Strike (Right),52.93
29.0,Strike (Right),60.97
30.0,Strike (Right),68.54
31.0,Touch Down (Right),53.74
32.0,Touch Down (Right),72.99
33.0,Full Support (Right),58.65
34.0,Full Support (Right),64.07
35.0,Full Support (Right),42.96
36.0,Toe Off (Right),59.04
37.0,Toe Off (Right),72.52
38.0,Toe Off (Right),74.52
39.0,Toe Off (Right),58.06
40.0,Toe Off (Right),52.52
41.0,Toe Off (Right),50.0
42.0,Toe Off (Right),52.77
43.0,Toe Off (Right),46.65
44.0,Touch Down (Right),48.23
45.0,Full Support (Right),52.07
46.0,Full Support (Right),52.64
47.0,Full Support (Right),40.35
48.0,Unknown Pose,0.0
49.0,MVP (Right),40.23
50.0,Unknown Pose,0.0
51.0,Unknown Pose,0.0
52.0,MVP (Right),48.56
53.0,MVP (Right),43.43
54.0,MVP (Right),56.34
55.0,MVP (Right),45.36
56.0,MVP (Right),57.23
57.0,MVP (Right),47.5
58.0,Strike (Right),57.98
59.0,Strike (Right),58.71
60.0,Touch Down (Right),64.47
61.0,Strike (Right),43.41
62.0,Full Support (Right),55.47
63.0,Full Support (Right),53.67
64.0,Toe Off (Right),40.2
65.0,Toe Off (Right),61.59
66.0,Toe Off (Right),70.34
67.0,Toe Off (Right),57.37
68.0,Toe Off (Right),56.21
69.0,MVP (Right),48.71
70.0,MVP (Right),47.23
71.0,Touch Down (Right),51.7
72.0,Touch Down (Right),63.4
73.0,Touch Down (Right),54.67
74.0,Touch Down (Right),51.64
75.0,Unknown Pose,0.0
76.0,Full Support (Right),43.19
77.0,Full Support (Right),55.9
78.0,Full Support (Right),58.57
79.0,Full Support (Right),50.7
80.0,Touch Down (Right),52.92
81.0,Touch Down (Right),53.41
82.0,Touch Down (Right),51.8
83.0,Strike (Right),49.71
84.0,Touch Down (Right),53.33
85.0,Touch Down (Right),57.4
86.0,Full Support (Right),50.99
87.0,Full Support (Right),45.72
